<?xml version="1.0" encoding="UTF-8"?>
<!DOCTYPE log4j:configuration PUBLIC "-//LOGGER" "log4j.dtd">

<log4j:configuration xmlns:log4j="http://jakarta.apache.org/log4j/">

	<!--Console Appenders -->
	<appender name="CONSOLE" class="org.apache.log4j.ConsoleAppender">
		<param name="Target" value="System.out" />
		<layout class="org.apache.log4j.PatternLayout">
			<param name="ConversionPattern" value="[%-5p][%d{ISO8601}][%t][%c] %m%n" />
		</layout>
	</appender>
    <!--File Appenders -->
	<appender name="FILE" class="org.apache.log4j.DailyRollingFileAppender">
		<!-- <param name="file" value="/logs/preserve/transform/AIGLE/logs/rawdata_${logFileName}.log" /> -->
		<param name="file" value="\\E11FLSCIFS.pharma.aventis.com\\FS_PRESERVE_SHARE\\_public\\PReSERVE\\Gopika\\PROJECTS\\EmployeeBatchApplication\\EmployeeBatchApplication.log"></param>
		<param name="append" value="false" />
		<param name="encoding" value="UTF-8" />
		<param name="DatePattern" value="'.'yyyy-MM-dd" />
		<layout class="org.apache.log4j.PatternLayout">
			<param name="ConversionPattern" value="[%-5p][%d{ISO8601}][%t][%c] %m%n" />
		</layout>
	</appender>


	<!-- Application Loggers -->
	<category name="com.sanofi.preserve.orm">
		<priority value="INFO" />
		<priority value="DEBUG" />
	</category>
	
   
	<!-- Root Logger -->
	<root>
		<priority value="DEBUG" />
		<appender-ref ref="CONSOLE" />
		<appender-ref ref="FILE" />
	</root>
	<!-- To hide debug lavel msg on console -->   
	<logger name="org.hibernate">
		<level value="info" />
	</logger>
		<!-- To print query in log file -->
	<logger name="org.hibernate.SQL">
		<level value="DEBUG" />
	</logger>
	<logger name="org.springframework.beans">
		<level value="info" />
	</logger>
	<logger name="org.springframework.context">
		<level value="info" />
	</logger>
	<logger name="org.springframework.core.env">
		<level value="info" />
	</logger>
	<logger name="org.springframework.core.io">
		<level value="info" />
	</logger>

</log4j:configuration>